{"cameraMode":{"drawMode":0,"name":"Shaded","section":"Shading Mode"},"sceneLighting":true,"audioPlay":false,"sceneViewState":{"m_AlwaysRefresh":false,"showFog":true,"showSkybox":false,"showFlares":true,"showImageEffects":true,"showParticleSystems":true,"showVisualEffectGraphs":true,"m_FxEnabled":true},"in2DMode":false,"pivot":{"x":6.994762897491455,"y":4.721599578857422,"z":0.014816999435424805},"rotation":{"x":0.12533582746982575,"y":0.8647465109825134,"z":-0.40690532326698305,"w":0.2663615942001343},"size":0.19116759300231934,"orthographic":false}