{"cameraMode":{"drawMode":0,"name":"Shaded","section":"Shading Mode"},"sceneLighting":false,"audioPlay":false,"sceneViewState":{"m_AlwaysRefresh":false,"showFog":true,"showSkybox":false,"showFlares":true,"showImageEffects":true,"showParticleSystems":true,"showVisualEffectGraphs":true,"m_FxEnabled":true},"in2DMode":false,"pivot":{"x":0.17713701725006104,"y":4.065302848815918,"z":0.996341347694397},"rotation":{"x":-0.031637273728847507,"y":0.5928032994270325,"z":-0.02331412397325039,"w":-0.8043978214263916},"size":4.962760925292969,"orthographic":false}