{"cameraMode":{"drawMode":0,"name":"Shaded","section":"Shading Mode"},"sceneLighting":false,"audioPlay":false,"sceneViewState":{"m_AlwaysRefresh":false,"showFog":true,"showSkybox":false,"showFlares":true,"showImageEffects":true,"showParticleSystems":true,"showVisualEffectGraphs":true,"m_FxEnabled":true},"in2DMode":false,"pivot":{"x":0.02454662322998047,"y":1.9199676513671876,"z":-0.21838808059692384},"rotation":{"x":-0.12901343405246736,"y":0.4717130959033966,"z":-0.0699947252869606,"w":-0.8694535493850708},"size":3.3943657875061037,"orthographic":false}