{"cameraMode":{"drawMode":0,"name":"Shaded","section":"Shading Mode"},"sceneLighting":false,"audioPlay":false,"sceneViewState":{"m_AlwaysRefresh":false,"showFog":true,"showSkybox":false,"showFlares":true,"showImageEffects":true,"showParticleSystems":true,"showVisualEffectGraphs":true,"m_FxEnabled":true},"in2DMode":false,"pivot":{"x":0.23659920692443849,"y":1.8746066093444825,"z":0.006494879722595215},"rotation":{"x":0.053475990891456607,"y":0.9450111389160156,"z":-0.1987641602754593,"w":0.2542298138141632},"size":3.1778714656829836,"orthographic":false}