{"cameraMode":{"drawMode":0,"name":"Shaded","section":"Shading Mode"},"sceneLighting":false,"audioPlay":false,"sceneViewState":{"m_AlwaysRefresh":false,"showFog":true,"showSkybox":false,"showFlares":true,"showImageEffects":true,"showParticleSystems":true,"showVisualEffectGraphs":true,"m_FxEnabled":true},"in2DMode":false,"pivot":{"x":0.11964912712574005,"y":0.19278207421302796,"z":-0.14454150199890138},"rotation":{"x":-0.07704058289527893,"y":0.7163435220718384,"z":-0.08002590388059616,"w":-0.6889070272445679},"size":0.9126631617546082,"orthographic":false}