{"cameraMode":{"drawMode":0,"name":"Shaded","section":"Shading Mode"},"sceneLighting":true,"audioPlay":false,"sceneViewState":{"m_AlwaysRefresh":false,"showFog":true,"showSkybox":true,"showFlares":true,"showImageEffects":true,"showParticleSystems":true,"showVisualEffectGraphs":true,"m_FxEnabled":true},"in2DMode":false,"pivot":{"x":0.2554125487804413,"y":0.8008896708488464,"z":-1.2651656866073609},"rotation":{"x":-0.23883141577243806,"y":0.6930479407310486,"z":-0.2643536329269409,"w":-0.6269320249557495},"size":3.8752548694610597,"orthographic":false}