{"cameraMode":{"drawMode":0,"name":"Shaded","section":"Shading Mode"},"sceneLighting":true,"audioPlay":false,"sceneViewState":{"m_AlwaysRefresh":false,"showFog":true,"showSkybox":true,"showFlares":true,"showImageEffects":true,"showParticleSystems":true,"showVisualEffectGraphs":true,"m_FxEnabled":true},"in2DMode":false,"pivot":{"x":-0.06047177314758301,"y":2.042386770248413,"z":0.0028107166290283205},"rotation":{"x":-0.16746696829795838,"y":-0.676702082157135,"z":0.1621132791042328,"w":-0.6985768675804138},"size":6.624745845794678,"orthographic":false}