{"cameraMode":{"drawMode":0,"name":"Shaded","section":"Shading Mode"},"sceneLighting":false,"audioPlay":false,"sceneViewState":{"m_AlwaysRefresh":false,"showFog":true,"showSkybox":false,"showFlares":true,"showImageEffects":true,"showParticleSystems":true,"showVisualEffectGraphs":true,"m_FxEnabled":true},"in2DMode":false,"pivot":{"x":0.35143783688545229,"y":0.7466959357261658,"z":-0.5239648818969727},"rotation":{"x":-0.09157869219779968,"y":0.6578773260116577,"z":-0.08124233037233353,"w":-0.7433002591133118},"size":0.5518068075180054,"orthographic":false}