{"cameraMode":{"drawMode":0,"name":"Shaded","section":"Shading Mode"},"sceneLighting":true,"audioPlay":false,"sceneViewState":{"m_AlwaysRefresh":false,"showFog":true,"showSkybox":false,"showFlares":true,"showImageEffects":true,"showParticleSystems":true,"showVisualEffectGraphs":true,"m_FxEnabled":true},"in2DMode":false,"pivot":{"x":-6.317327499389648,"y":20.059999465942384,"z":55.772865295410159},"rotation":{"x":-0.09583110362291336,"y":0.5338614583015442,"z":-0.06081252545118332,"w":-0.8382698893547058},"size":1.2247449159622193,"orthographic":false}