{"cameraMode":{"drawMode":0,"name":"Shaded","section":"Shading Mode"},"sceneLighting":false,"audioPlay":false,"sceneViewState":{"m_AlwaysRefresh":false,"showFog":true,"showSkybox":false,"showFlares":true,"showImageEffects":true,"showParticleSystems":true,"showVisualEffectGraphs":true,"m_FxEnabled":true},"in2DMode":false,"pivot":{"x":-0.07272979617118836,"y":0.9844894409179688,"z":0.3445892333984375},"rotation":{"x":-0.2502337396144867,"y":0.5946420431137085,"z":-0.20186740159988404,"w":-0.7369612455368042},"size":7.9435906410217289,"orthographic":false}