{"cameraMode":{"drawMode":0,"name":"Shaded","section":"Shading Mode"},"sceneLighting":false,"audioPlay":false,"sceneViewState":{"m_AlwaysRefresh":false,"showFog":true,"showSkybox":false,"showFlares":true,"showImageEffects":true,"showParticleSystems":true,"showVisualEffectGraphs":true,"m_FxEnabled":true},"in2DMode":false,"pivot":{"x":-0.000057220458984375,"y":-0.47091490030288699,"z":-0.000023305416107177734},"rotation":{"x":0.18053506314754487,"y":-0.6540268659591675,"z":0.16527695953845979,"w":0.7161493301391602},"size":2.7297558784484865,"orthographic":false}