{"cameraMode":{"drawMode":0,"name":"Shaded","section":"Shading Mode"},"sceneLighting":true,"audioPlay":false,"sceneViewState":{"m_AlwaysRefresh":false,"showFog":true,"showSkybox":false,"showFlares":true,"showImageEffects":true,"showParticleSystems":true,"showVisualEffectGraphs":true,"m_FxEnabled":true},"in2DMode":false,"pivot":{"x":-0.007525034248828888,"y":16.947004318237306,"z":6.076472759246826},"rotation":{"x":-0.025769773870706559,"y":0.9689231514930725,"z":-0.21843674778938294,"w":-0.11536291241645813},"size":0.3231216073036194,"orthographic":false}