{"cameraMode":{"drawMode":0,"name":"Shaded","section":"Shading Mode"},"sceneLighting":false,"audioPlay":false,"sceneViewState":{"m_AlwaysRefresh":false,"showFog":true,"showSkybox":false,"showFlares":true,"showImageEffects":true,"showParticleSystems":true,"showVisualEffectGraphs":true,"m_FxEnabled":true},"in2DMode":false,"pivot":{"x":0.00006687641143798828,"y":-0.08238571882247925,"z":0.00000286102294921875},"rotation":{"x":-0.09583110362291336,"y":0.5338614583015442,"z":-0.06081252545118332,"w":-0.8382698893547058},"size":1.2297559976577759,"orthographic":false}