{"cameraMode":{"drawMode":0,"name":"Shaded","section":"Shading Mode"},"sceneLighting":false,"audioPlay":false,"sceneViewState":{"m_AlwaysRefresh":false,"showFog":true,"showSkybox":false,"showFlares":true,"showImageEffects":true,"showParticleSystems":true,"showVisualEffectGraphs":true,"m_FxEnabled":true},"in2DMode":false,"pivot":{"x":0.0003847740590572357,"y":0.026043817400932313,"z":-0.003998792730271816},"rotation":{"x":0.012495361268520356,"y":0.7570210695266724,"z":0.014565964229404927,"w":-0.6531652212142944},"size":0.03416815400123596,"orthographic":false}