{"cameraMode":{"drawMode":0,"name":"Shaded","section":"Shading Mode"},"sceneLighting":true,"audioPlay":false,"sceneViewState":{"m_AlwaysRefresh":false,"showFog":true,"showSkybox":true,"showFlares":true,"showImageEffects":true,"showParticleSystems":true,"showVisualEffectGraphs":true,"m_FxEnabled":true},"in2DMode":false,"pivot":{"x":-6.236553192138672,"y":5.814939498901367,"z":-4.422576904296875},"rotation":{"x":-0.023450125008821489,"y":-0.22137175500392915,"z":-0.003770895069465041,"w":0.9752779603004456},"size":18.840646743774415,"orthographic":false}