{"cameraMode":{"drawMode":0,"name":"Shaded","section":"Shading Mode"},"sceneLighting":true,"audioPlay":false,"sceneViewState":{"m_AlwaysRefresh":false,"showFog":true,"showSkybox":true,"showFlares":true,"showImageEffects":true,"showParticleSystems":true,"showVisualEffectGraphs":true,"m_FxEnabled":true},"in2DMode":false,"pivot":{"x":18.620723724365236,"y":-40.52344512939453,"z":38.06136703491211},"rotation":{"x":0.30518805980682375,"y":0.07712885737419129,"z":-0.021947944536805154,"w":0.9494002461433411},"size":56.7883186340332,"orthographic":false}