{"cameraMode":{"drawMode":0,"name":"Shaded","section":"Shading Mode"},"sceneLighting":true,"audioPlay":false,"sceneViewState":{"m_AlwaysRefresh":false,"showFog":true,"showSkybox":true,"showFlares":true,"showImageEffects":true,"showParticleSystems":true,"showVisualEffectGraphs":true,"m_FxEnabled":true},"in2DMode":false,"pivot":{"x":427.76995849609377,"y":312.3050537109375,"z":-58.215087890625},"rotation":{"x":0.06775864213705063,"y":-0.0015024741878733039,"z":0.00010278487752657384,"w":0.9977379441261292},"size":271.7685546875,"orthographic":false}