{"cameraMode":{"drawMode":0,"name":"Shaded","section":"Shading Mode"},"sceneLighting":false,"audioPlay":false,"sceneViewState":{"m_AlwaysRefresh":false,"showFog":true,"showSkybox":false,"showFlares":true,"showImageEffects":true,"showParticleSystems":true,"showVisualEffectGraphs":true,"m_FxEnabled":true},"in2DMode":false,"pivot":{"x":-0.009011507034301758,"y":2.2936477661132814,"z":0.012650847434997559},"rotation":{"x":-0.031637273728847507,"y":0.5928032994270325,"z":-0.02331412397325039,"w":-0.8043978214263916},"size":3.9578440189361574,"orthographic":false}