{"cameraMode":{"drawMode":0,"name":"Shaded","section":"Shading Mode"},"sceneLighting":false,"audioPlay":false,"sceneViewState":{"m_AlwaysRefresh":false,"showFog":true,"showSkybox":false,"showFlares":true,"showImageEffects":true,"showParticleSystems":true,"showVisualEffectGraphs":true,"m_FxEnabled":true},"in2DMode":false,"pivot":{"x":-0.019371211528778077,"y":0.6342885494232178,"z":0.5555640459060669},"rotation":{"x":-0.031637273728847507,"y":0.5928032994270325,"z":-0.02331412397325039,"w":-0.8043978214263916},"size":1.7542603015899659,"orthographic":false}